path,role,sha256,source_locator,vault_path,status
knowledge/source/00-INDICE-FISCAL.md,source,9a1a21884a662ceb08972a3fb663dedd949eb6dd7c7194e11eb2daced97ca2b6,central:09_DCCEO_AGENTES/knowledge/fiscal/00-INDICE-FISCAL.md,knowledge/fiscal/source/2026-08-07/00-INDICE-FISCAL.md,prepared_in_vault_not_configured_externally
knowledge/source/01-REGRAS-DE-USO-E-LIMITES.md,source,4b7c4f4271cfb29ec0aabe97d271a8fd4deaf238765a19c7c699a10761019585,central:09_DCCEO_AGENTES/knowledge/fiscal/01-REGRAS-DE-USO-E-LIMITES.md,knowledge/fiscal/source/2026-08-07/01-REGRAS-DE-USO-E-LIMITES.md,prepared_in_vault_not_configured_externally
knowledge/source/02-ESCOPO-E-ROTEAMENTO.md,source,ce7307dda82b27abb1b2d372cc1d417d38de92a4897858f437ded6043222568b,central:09_DCCEO_AGENTES/knowledge/fiscal/02-ESCOPO-E-ROTEAMENTO.md,knowledge/fiscal/source/2026-08-07/02-ESCOPO-E-ROTEAMENTO.md,prepared_in_vault_not_configured_externally
knowledge/source/03-FONTES-CANONICAS.md,source,200aa91f1c505d24412b9acc47f061e1911d218ff043747f889895a8db073fc6,central:09_DCCEO_AGENTES/knowledge/fiscal/03-FONTES-CANONICAS.md,knowledge/fiscal/source/2026-08-07/03-FONTES-CANONICAS.md,prepared_in_vault_not_configured_externally
knowledge/source/04-SKILLS-E-CENARIOS-DE-USO.md,source,b5b20c87ee98dde9945267ebf4a8830439259fc34955b9a8e84d8d99ca9c3066,central:09_DCCEO_AGENTES/knowledge/fiscal/04-SKILLS-E-CENARIOS-DE-USO.md,knowledge/fiscal/source/2026-08-07/04-SKILLS-E-CENARIOS-DE-USO.md,prepared_in_vault_not_configured_externally
knowledge/source/05-PERGUNTAS-TESTE-E-RESPOSTAS-ESPERADAS.md,source,c51d5e91ab00e5e8e773daaf751ce0aae6991eddb7316d7ca6b9544042a5715a,central:09_DCCEO_AGENTES/knowledge/fiscal/05-PERGUNTAS-TESTE-E-RESPOSTAS-ESPERADAS.md,knowledge/fiscal/source/2026-08-07/05-PERGUNTAS-TESTE-E-RESPOSTAS-ESPERADAS.md,prepared_in_vault_not_configured_externally
knowledge/source/06-GUARDRAILS-E-CLAIMS-BLOQUEADOS.md,source,bacc9e73a433d1e42b46cc3ab3dc8e09d1ff3ab0e69eec3839abfe8ad210b5b0,central:09_DCCEO_AGENTES/knowledge/fiscal/06-GUARDRAILS-E-CLAIMS-BLOQUEADOS.md,knowledge/fiscal/source/2026-08-07/06-GUARDRAILS-E-CLAIMS-BLOQUEADOS.md,prepared_in_vault_not_configured_externally
knowledge/source/07-MODELOS-DE-RESPOSTA-E-CHECKLISTS.md,source,ba9c7bf9e94be165bb08295125fef5e0d9e035a8ae14eb044d48f27e51b31029,central:09_DCCEO_AGENTES/knowledge/fiscal/07-MODELOS-DE-RESPOSTA-E-CHECKLISTS.md,knowledge/fiscal/source/2026-08-07/07-MODELOS-DE-RESPOSTA-E-CHECKLISTS.md,prepared_in_vault_not_configured_externally
knowledge/source/08-LACUNAS-E-ROADMAP.md,source,8cdfc6173d5b52c21e8f070545b6eaa66e9d0a9b4aba1f474b4f6ffc20023b81,central:09_DCCEO_AGENTES/knowledge/fiscal/08-LACUNAS-E-ROADMAP.md,knowledge/fiscal/source/2026-08-07/08-LACUNAS-E-ROADMAP.md,prepared_in_vault_not_configured_externally
knowledge/source/99-FONTES-LACUNAS-E-CONTROLE-DE-VERSAO.md,source,46c3041a2c896ffb3378fe12be33e4911f2c5a0e849a37cb541aed0957fae70b,central:09_DCCEO_AGENTES/knowledge/fiscal/99-FONTES-LACUNAS-E-CONTROLE-DE-VERSAO.md,knowledge/fiscal/source/2026-08-07/99-FONTES-LACUNAS-E-CONTROLE-DE-VERSAO.md,prepared_in_vault_not_configured_externally
knowledge/upload/00-INDICE-FISCAL.md,upload_active,9a1a21884a662ceb08972a3fb663dedd949eb6dd7c7194e11eb2daced97ca2b6,central:09_DCCEO_AGENTES/knowledge/fiscal/00-INDICE-FISCAL.md,knowledge/fiscal/upload-active/2026-08-07/00-INDICE-FISCAL.md,prepared_in_vault_not_configured_externally
knowledge/upload/01-REGRAS-DE-USO-E-LIMITES.md,upload_active,4b7c4f4271cfb29ec0aabe97d271a8fd4deaf238765a19c7c699a10761019585,central:09_DCCEO_AGENTES/knowledge/fiscal/01-REGRAS-DE-USO-E-LIMITES.md,knowledge/fiscal/upload-active/2026-08-07/01-REGRAS-DE-USO-E-LIMITES.md,prepared_in_vault_not_configured_externally
knowledge/upload/02-ESCOPO-E-ROTEAMENTO.md,upload_active,ce7307dda82b27abb1b2d372cc1d417d38de92a4897858f437ded6043222568b,central:09_DCCEO_AGENTES/knowledge/fiscal/02-ESCOPO-E-ROTEAMENTO.md,knowledge/fiscal/upload-active/2026-08-07/02-ESCOPO-E-ROTEAMENTO.md,prepared_in_vault_not_configured_externally
knowledge/upload/03-FONTES-CANONICAS.md,upload_active,200aa91f1c505d24412b9acc47f061e1911d218ff043747f889895a8db073fc6,central:09_DCCEO_AGENTES/knowledge/fiscal/03-FONTES-CANONICAS.md,knowledge/fiscal/upload-active/2026-08-07/03-FONTES-CANONICAS.md,prepared_in_vault_not_configured_externally
knowledge/upload/04-SKILLS-E-CENARIOS-DE-USO.md,upload_active,b5b20c87ee98dde9945267ebf4a8830439259fc34955b9a8e84d8d99ca9c3066,central:09_DCCEO_AGENTES/knowledge/fiscal/04-SKILLS-E-CENARIOS-DE-USO.md,knowledge/fiscal/upload-active/2026-08-07/04-SKILLS-E-CENARIOS-DE-USO.md,prepared_in_vault_not_configured_externally
knowledge/upload/05-PERGUNTAS-TESTE-E-RESPOSTAS-ESPERADAS.md,upload_active,c51d5e91ab00e5e8e773daaf751ce0aae6991eddb7316d7ca6b9544042a5715a,central:09_DCCEO_AGENTES/knowledge/fiscal/05-PERGUNTAS-TESTE-E-RESPOSTAS-ESPERADAS.md,knowledge/fiscal/upload-active/2026-08-07/05-PERGUNTAS-TESTE-E-RESPOSTAS-ESPERADAS.md,prepared_in_vault_not_configured_externally
knowledge/upload/06-GUARDRAILS-E-CLAIMS-BLOQUEADOS.md,upload_active,bacc9e73a433d1e42b46cc3ab3dc8e09d1ff3ab0e69eec3839abfe8ad210b5b0,central:09_DCCEO_AGENTES/knowledge/fiscal/06-GUARDRAILS-E-CLAIMS-BLOQUEADOS.md,knowledge/fiscal/upload-active/2026-08-07/06-GUARDRAILS-E-CLAIMS-BLOQUEADOS.md,prepared_in_vault_not_configured_externally
knowledge/upload/07-MODELOS-DE-RESPOSTA-E-CHECKLISTS.md,upload_active,ba9c7bf9e94be165bb08295125fef5e0d9e035a8ae14eb044d48f27e51b31029,central:09_DCCEO_AGENTES/knowledge/fiscal/07-MODELOS-DE-RESPOSTA-E-CHECKLISTS.md,knowledge/fiscal/upload-active/2026-08-07/07-MODELOS-DE-RESPOSTA-E-CHECKLISTS.md,prepared_in_vault_not_configured_externally
knowledge/upload/08-LACUNAS-E-ROADMAP.md,upload_active,8cdfc6173d5b52c21e8f070545b6eaa66e9d0a9b4aba1f474b4f6ffc20023b81,central:09_DCCEO_AGENTES/knowledge/fiscal/08-LACUNAS-E-ROADMAP.md,knowledge/fiscal/upload-active/2026-08-07/08-LACUNAS-E-ROADMAP.md,prepared_in_vault_not_configured_externally
knowledge/upload/99-FONTES-LACUNAS-E-CONTROLE-DE-VERSAO.md,upload_active,46c3041a2c896ffb3378fe12be33e4911f2c5a0e849a37cb541aed0957fae70b,central:09_DCCEO_AGENTES/knowledge/fiscal/99-FONTES-LACUNAS-E-CONTROLE-DE-VERSAO.md,knowledge/fiscal/upload-active/2026-08-07/99-FONTES-LACUNAS-E-CONTROLE-DE-VERSAO.md,prepared_in_vault_not_configured_externally
